"","power","Class","measure","na_sum","p_mean"
"1",0.992,"High:High","MaxN",0,0.00224327358504877
"2",0.964,"High:High","meancount",0,0.00731629615836843
"3",0.796,"High:Low","MaxN",0,0.0341137910205436
"4",0.999,"High:Low","meancount",0,0.000396055463811565
"5",0.987,"Low:High","MaxN",0,0.00431535287709717
"6",0.956,"Low:High","meancount",0,0.0101721648544627
"7",0.775,"Low:Low","MaxN",0,0.0350059107179866
"8",0.999,"Low:Low","meancount",0,0.000429806912691392
